2026-09-30	e574034d8	quiet	arc(1-9)-delimGenerator vs base d31fc94f1	68.796	68.126	1.010	us/op MIN of 2 alternating rounds; bytes 726254 both
2026-09-30	e574034d8	quiet	arc(1-9)-delimPushOnly vs base d31fc94f1	17.178	17.442	0.985	us/op MIN of 2; bytes 278040 both
2026-09-30	e574034d8	quiet	arc(1-9)-delimDollarResume vs base d31fc94f1	38.580	39.119	0.986	us/op MIN of 2; bytes 572013 both
2026-09-30	e574034d8	quiet	arc(1-9)-writerTellUnderDelim vs base d31fc94f1	25.361	25.474	0.996	us/op MIN of 2; bytes 270232 both
2026-09-30	e574034d8	quiet	arc(1-9)-stateLexDeep vs base d31fc94f1 (step 1282 B)	96.199	100.069	0.961	us/op MIN of 4 rounds; mine BIMODAL per fork 91.3-91.8 (2 of 8 forks) / 100.5-103.5 (6 of 8), ref 99.7-101.5 over 8 forks; bytes 1270868 both
2026-09-30	b9a8bf493	quiet	arc-stateLexDeep step slimmed to 672 B vs base d31fc94f1	101.530	100.158	1.014	us/op MIN of 3 rounds (101.5, 106.7, 102.0 vs 100.2, 100.2, 100.6); mine still multi-modal per fork (101.3, 103.6, 109.9, 102), the 91.7 mode gone; PrintInlining: the fast fork is the one where Freer.resume's rotation closure is NOT inlined into loop (backlog freer-rotation-closure-jit-modes)
2026-09-30	e574034d8	quiet	arc-stateThreaded (shared Get) vs base d31fc94f1	16.521	18.051	0.915	us/op MIN of 2; bytes 244832 vs 276904 = -32 B/step, the unshared Inject(Get) of pstate-threaded
2026-09-30	e574034d8	quiet	arc-stateEffect vs base d31fc94f1 (control)	16.968	17.309	0.980	us/op MIN of 2; bytes 244904 both; stateThreaded is now 0.973x stateEffect in time and -72 B
2026-09-30	e574034d8	quiet	stateIndexedForward (splitI, Diag rebuilt, byClass) vs stateForward (split)	32.814	31.351	1.047	us/op MIN of 3 same-tree alternating rounds; bytes 370728 vs 368280 (+24 B per forwarded op)
2026-09-30	b9a8bf493	quiet	stateIndexedForward (forwardedI, TypeableI.derived) vs stateForward	32.852	31.373	1.047	us/op MIN of 3 (33.14, 33.57, 32.85 vs 32.08, 31.74, 31.37); bytes 369128 vs 368280 (the rebuilt Diag's 16 B/op gone); time unchanged: mine multi-modal per fork 32.2/32.6/33.1/33.7/35.1, unary stable 30.8-31.7
2026-09-30	1e5e12ce6	quiet	Tx.Data (interpret) vs the Prog facade Tx(db), begin+100 updates+commit, silent Sql	1.680	1.261	1.332	us/op MIN of 3 alternating rounds on the facade's last tree; bytes 20560 vs 13032 = +74 B per statement: the protocol tree (node+bind+closure per op) the facade never builds; ~4 ns per statement
