2026-10-01	12174e541	quiet	DelimBenchmark.delimDollarResume: Stack.Kept (the usual k one node) vs the single-list machine 42541ef7e, round 1, arms alternated	35.016	32.425	1.080	us/op 2 forks x 5, jmh-lane quiet; bytes 404051 vs 540066
2026-10-01	12174e541	quiet	DelimBenchmark.delimDollarResume: Stack.Kept (the usual k one node) vs the single-list machine 42541ef7e, round 2, arms alternated	34.594	32.325	1.070	us/op 2 forks x 5, jmh-lane quiet; bytes 404051 vs 540066
2026-10-01	12174e541	quiet	DelimBenchmark.delimGenerator: Stack.Kept (the usual k one node) vs the single-list machine 42541ef7e, round 1, arms alternated	42.778	63.395	0.675	us/op 2 forks x 5, jmh-lane quiet; bytes 438276 vs 838300
2026-10-01	12174e541	quiet	DelimBenchmark.delimGenerator: Stack.Kept (the usual k one node) vs the single-list machine 42541ef7e, round 2, arms alternated	43.070	63.661	0.677	us/op 2 forks x 5, jmh-lane quiet; bytes 438276 vs 838300
2026-10-01	12174e541	quiet	DelimBenchmark.layeredViaDollar: Stack.Kept (the usual k one node) vs the single-list machine 42541ef7e, round 1, arms alternated	43.118	52.454	0.822	us/op 2 forks x 5, jmh-lane quiet; bytes 394246 vs 490376
2026-10-01	12174e541	quiet	DelimBenchmark.layeredViaDollar: Stack.Kept (the usual k one node) vs the single-list machine 42541ef7e, round 2, arms alternated	43.174	52.400	0.824	us/op 2 forks x 5, jmh-lane quiet; bytes 394246 vs 490376
2026-10-01	12174e541	quiet	DelimBenchmark.stateDeep: Stack.Kept (the usual k one node) vs the single-list machine 42541ef7e, round 1, arms alternated	92.238	96.379	0.957	us/op 2 forks x 5, jmh-lane quiet; bytes 928488 vs 1392639
2026-10-01	12174e541	quiet	DelimBenchmark.stateDeep: Stack.Kept (the usual k one node) vs the single-list machine 42541ef7e, round 2, arms alternated	91.713	96.573	0.950	us/op 2 forks x 5, jmh-lane quiet; bytes 928488 vs 1392639
2026-10-01	12174e541	quiet	DelimBenchmark.stateLexDeep: Stack.Kept (the usual k one node) vs the single-list machine 42541ef7e, round 1, arms alternated	78.043	87.913	0.888	us/op 2 forks x 5, jmh-lane quiet; bytes 798701 vs 1358849
2026-10-01	12174e541	quiet	DelimBenchmark.stateLexDeep: Stack.Kept (the usual k one node) vs the single-list machine 42541ef7e, round 2, arms alternated	80.025	87.947	0.910	us/op 2 forks x 5, jmh-lane quiet; bytes 798700 vs 1358849
