2026-09-30	840827834	quiet	one-machine-first-cut-delimGenerator vs old machine 9e7900691	68.562	69.240	0.990	us/op, one machine (stage 6, first cut: Inject after Diag, Op tested before Delim) vs the old unstacked machine; MIN of 2 alternating rounds, jmh-lane.sh -f2 -wi3 -i5 -prof gc, JDK 26, every lane 'box stayed quiet'; bytes 726253 both arms (identical)
2026-09-30	840827834	quiet	one-machine-first-cut-delimPushOnly vs old machine	17.328	17.442	0.993	us/op, same series; bytes 278040 both
2026-09-30	840827834	quiet	one-machine-first-cut-delimDollarResume vs old machine	39.267	39.254	1.000	us/op, same series; bytes 572012 both
2026-09-30	840827834	quiet	one-machine-first-cut-writerTellUnderDelim vs old machine	25.548	25.383	1.007	us/op, same series; bytes 270232 both
2026-09-30	840827834	quiet	one-machine-first-cut-stateLexDeep vs old machine	103.948	100.387	1.035	us/op, same series, REGRESSION (1.044 / 1.035 per round, bars 1-2 us): one type test more per operation — Op tested before Delim in step, Diag before Inject in the loop — on the lane with the most operations per capture; bytes 1270866 both; fixed in the same lane by reordering (next row)
2026-09-30	840827834	quiet	one-machine-reordered-stateLexDeep vs old machine	100.984	100.004	1.010	us/op, KEPT: the dispatch reordered — Delim's total class test first (one test per unstacked operation, as the old machine paid), Op second, F by exclusion; Inject before Diag in the loop (no Delim program builds a Diag: the embeddings are identities); MIN of 3 alternating rounds (100.98/101.92/104.53 vs 100.00/102.40/100.35), inside the bars; bytes 1270867 both
2026-09-30	840827834	quiet	one-machine-reordered-delimGenerator vs old machine	69.060	69.234	0.997	us/op, KEPT: the reordered dispatch, one alternating round after the fix; bytes 726253 both
2026-09-30	840827834	quiet	one-machine-reordered-delimPushOnly vs old machine	17.159	17.673	0.971	us/op, same round; bytes 278040 both
2026-09-30	840827834	quiet	one-machine-reordered-delimDollarResume vs old machine	39.092	38.981	1.003	us/op, same round; bytes 572012 both
2026-09-30	840827834	quiet	one-machine-reordered-writerTellUnderDelim vs old machine	25.282	25.628	0.986	us/op, same round; bytes 270232 both
