2026-10-03	cont-run-prompt	quiet	DelimBenchmark.stateForeign us/op: cont-run-prompt vs master 483644036, first cut: Op + a Root frame per run, handlerFor walk and asShift0 per operation, round 1	188.000	192.000	0.979	arms alternated B A, -f 2 -wi 3 -i 5, jmh-lane quiet; bytes 390392 vs 390392
2026-10-03	cont-run-prompt	quiet	DelimBenchmark.stateForeign us/op: cont-run-prompt vs master 483644036, first cut: Op + a Root frame per run, handlerFor walk and asShift0 per operation, round 2	190.000	191.000	0.995	arms alternated B A, -f 2 -wi 3 -i 5, jmh-lane quiet; bytes 390392 vs 390392
2026-10-03	cont-run-prompt	quiet	FibBenchmark.fib100 ns/op: cont-run-prompt vs master 483644036, first cut: Op + a Root frame per run, handlerFor walk and asShift0 per operation, round 1	118.000	99.000	1.192	arms alternated B A, -f 2 -wi 3 -i 5, jmh-lane quiet; bytes 46816 vs 45176
2026-10-03	cont-run-prompt	quiet	FibBenchmark.fib100 ns/op: cont-run-prompt vs master 483644036, first cut: Op + a Root frame per run, handlerFor walk and asShift0 per operation, round 2	118.000	102.000	1.157	arms alternated B A, -f 2 -wi 3 -i 5, jmh-lane quiet; bytes 46816 vs 45176
2026-10-03	cont-run-prompt	quiet	HandlerBenchmark.contAnswer us/op: cont-run-prompt vs master 483644036, first cut: Op + a Root frame per run, handlerFor walk and asShift0 per operation, round 1	154.000	194.000	0.794	arms alternated B A, -f 2 -wi 3 -i 5, jmh-lane quiet; bytes 462056 vs 374096
2026-10-03	cont-run-prompt	quiet	HandlerBenchmark.contAnswer us/op: cont-run-prompt vs master 483644036, first cut: Op + a Root frame per run, handlerFor walk and asShift0 per operation, round 2	156.000	193.000	0.808	arms alternated B A, -f 2 -wi 3 -i 5, jmh-lane quiet; bytes 462056 vs 374096
2026-10-03	cont-run-prompt	quiet	HandlerBenchmark.statePara us/op: cont-run-prompt vs master 483644036, first cut: Op + a Root frame per run, handlerFor walk and asShift0 per operation, round 1	148.000	146.000	1.014	arms alternated B A, -f 2 -wi 3 -i 5, jmh-lane quiet; bytes 581346 vs 549329
2026-10-03	cont-run-prompt	quiet	HandlerBenchmark.statePara us/op: cont-run-prompt vs master 483644036, first cut: Op + a Root frame per run, handlerFor walk and asShift0 per operation, round 2	148.000	146.000	1.014	arms alternated B A, -f 2 -wi 3 -i 5, jmh-lane quiet; bytes 581346 vs 549329
2026-10-03	cont-run-prompt	quiet	HandlerBenchmark.contAnswer us/op: cont-run-prompt vs master 483644036, frameFor (head frame first) + an Op its own clause, a Shift0 still built per operation, round 1	180.000	195.000	0.923	arms alternated B A, -f 2 -wi 3 -i 5, jmh-lane quiet; bytes 390104 vs 374096
2026-10-03	cont-run-prompt	quiet	HandlerBenchmark.contAnswer us/op: cont-run-prompt vs master 483644036, frameFor (head frame first) + an Op its own clause, a Shift0 still built per operation, round 2	180.000	193.000	0.933	arms alternated B A, -f 2 -wi 3 -i 5, jmh-lane quiet; bytes 390104 vs 374096
2026-10-03	cont-run-prompt	quiet	HandlerBenchmark.statePara us/op: cont-run-prompt vs master 483644036, frameFor (head frame first) + an Op its own clause, a Shift0 still built per operation, round 1	150.000	145.000	1.034	arms alternated B A, -f 2 -wi 3 -i 5, jmh-lane quiet; bytes 533328 vs 549324
2026-10-03	cont-run-prompt	quiet	HandlerBenchmark.statePara us/op: cont-run-prompt vs master 483644036, frameFor (head frame first) + an Op its own clause, a Shift0 still built per operation, round 2	147.000	149.000	0.987	arms alternated B A, -f 2 -wi 3 -i 5, jmh-lane quiet; bytes 533328 vs 549329
2026-10-03	cont-run-prompt	quiet	DelimBenchmark.stateForeign us/op: cont-run-prompt vs master 483644036, frameFor (head frame first) + an Op its own clause, a Shift0 still built per operation, round 1	197.000	199.000	0.990	arms alternated B A, -f 2 -wi 3 -i 5, jmh-lane quiet; bytes 390392 vs 390392
2026-10-03	cont-run-prompt	quiet	DelimBenchmark.stateForeign us/op: cont-run-prompt vs master 483644036, frameFor (head frame first) + an Op its own clause, a Shift0 still built per operation, round 2	197.000	202.000	0.975	arms alternated B A, -f 2 -wi 3 -i 5, jmh-lane quiet; bytes 390392 vs 390392
2026-10-03	cont-run-prompt	quiet	FibBenchmark.fib100 ns/op: cont-run-prompt vs master 483644036, frameFor (head frame first) + an Op its own clause, a Shift0 still built per operation, round 1	105.000	100.000	1.050	arms alternated B A, -f 2 -wi 3 -i 5, jmh-lane quiet; bytes 44368 vs 45176
2026-10-03	cont-run-prompt	quiet	FibBenchmark.fib100 ns/op: cont-run-prompt vs master 483644036, frameFor (head frame first) + an Op its own clause, a Shift0 still built per operation, round 2	101.000	106.000	0.953	arms alternated B A, -f 2 -wi 3 -i 5, jmh-lane quiet; bytes 44368 vs 45176
2026-10-03	cont-run-prompt	quiet	DelimBenchmark.stateForeign us/op: cont-run-prompt vs master 483644036, framed: capture straight to the head frame, no Shift0 (LANDED shape), round 1	195.000	194.000	1.005	arms alternated B A, -f 2 -wi 3 -i 5, jmh-lane quiet; bytes 390392 vs 390392
2026-10-03	cont-run-prompt	quiet	DelimBenchmark.stateForeign us/op: cont-run-prompt vs master 483644036, framed: capture straight to the head frame, no Shift0 (LANDED shape), round 2	193.000	193.000	1.000	arms alternated B A, -f 2 -wi 3 -i 5, jmh-lane quiet; bytes 390392 vs 390392
2026-10-03	cont-run-prompt	quiet	FibBenchmark.fib100 ns/op: cont-run-prompt vs master 483644036, framed: capture straight to the head frame, no Shift0 (LANDED shape), round 1	99.000	103.000	0.961	arms alternated B A, -f 2 -wi 3 -i 5, jmh-lane quiet; bytes 41920 vs 45176
2026-10-03	cont-run-prompt	quiet	FibBenchmark.fib100 ns/op: cont-run-prompt vs master 483644036, framed: capture straight to the head frame, no Shift0 (LANDED shape), round 2	100.000	105.000	0.952	arms alternated B A, -f 2 -wi 3 -i 5, jmh-lane quiet; bytes 41920 vs 45176
2026-10-03	cont-run-prompt	quiet	HandlerBenchmark.contAnswer us/op: cont-run-prompt vs master 483644036, framed: capture straight to the head frame, no Shift0 (LANDED shape), round 1	189.000	193.000	0.979	arms alternated B A, -f 2 -wi 3 -i 5, jmh-lane quiet; bytes 366104 vs 374096
2026-10-03	cont-run-prompt	quiet	HandlerBenchmark.contAnswer us/op: cont-run-prompt vs master 483644036, framed: capture straight to the head frame, no Shift0 (LANDED shape), round 2	185.000	195.000	0.949	arms alternated B A, -f 2 -wi 3 -i 5, jmh-lane quiet; bytes 366104 vs 374096
2026-10-03	cont-run-prompt	quiet	HandlerBenchmark.handlePrebuilt us/op: cont-run-prompt vs master 483644036, framed: capture straight to the head frame, no Shift0 (LANDED shape), round 1	235.000	229.000	1.026	arms alternated B A, -f 2 -wi 3 -i 5, jmh-lane quiet; bytes 1674889 vs 1674881
2026-10-03	cont-run-prompt	quiet	HandlerBenchmark.handlePrebuilt us/op: cont-run-prompt vs master 483644036, framed: capture straight to the head frame, no Shift0 (LANDED shape), round 2	232.000	235.000	0.987	arms alternated B A, -f 2 -wi 3 -i 5, jmh-lane quiet; bytes 1674889 vs 1674881
2026-10-03	cont-run-prompt	quiet	HandlerBenchmark.statePara us/op: cont-run-prompt vs master 483644036, framed: capture straight to the head frame, no Shift0 (LANDED shape), round 1	143.000	146.000	0.979	arms alternated B A, -f 2 -wi 3 -i 5, jmh-lane quiet; bytes 485303 vs 549329
2026-10-03	cont-run-prompt	quiet	HandlerBenchmark.statePara us/op: cont-run-prompt vs master 483644036, framed: capture straight to the head frame, no Shift0 (LANDED shape), round 2	139.000	147.000	0.946	arms alternated B A, -f 2 -wi 3 -i 5, jmh-lane quiet; bytes 485303 vs 549329
