2026-10-01	8a5e104c7	quiet	FibBenchmark.fib100: Cont on the machine, strict k entered without a Resume node (enterAt), vs Cont.step at 9d193059b, round 1, arms alternated	6042.854	2239.296	2.699	ns/op 2 forks x 5, jmh-lane quiet; bytes 47496 vs 21552
2026-10-01	8a5e104c7	quiet	FibBenchmark.fib100: Cont on the machine, strict k entered without a Resume node (enterAt), vs Cont.step at 9d193059b, round 2, arms alternated	6118.509	2253.260	2.715	ns/op 2 forks x 5, jmh-lane quiet; bytes 47496 vs 21552
2026-10-01	8a5e104c7	quiet	HandlerBenchmark.statePara: Cont on the machine, strict k entered without a Resume node (enterAt), vs Cont.step at 9d193059b, round 1, arms alternated	59.462	32.051	1.855	us/op 2 forks x 5, jmh-lane quiet; bytes 545296 vs 301408
2026-10-01	8a5e104c7	quiet	HandlerBenchmark.statePara: Cont on the machine, strict k entered without a Resume node (enterAt), vs Cont.step at 9d193059b, round 2, arms alternated	58.561	31.761	1.844	us/op 2 forks x 5, jmh-lane quiet; bytes 545296 vs 301409
2026-10-01	05a95cc06	quiet	FibBenchmark.fib100: Cont on the machine, the run root node built once, a strict k re-entering with it (enterIn), vs Cont.step at 9d193059b, round 1, arms alternated	5468.580	2268.904	2.410	ns/op 2 forks x 5, jmh-lane quiet; bytes 41072 vs 21552
2026-10-01	05a95cc06	quiet	FibBenchmark.fib100: Cont on the machine, the run root node built once, a strict k re-entering with it (enterIn), vs Cont.step at 9d193059b, round 2, arms alternated	5556.281	2273.352	2.444	ns/op 2 forks x 5, jmh-lane quiet; bytes 41072 vs 21552
2026-10-01	05a95cc06	quiet	HandlerBenchmark.contAnswer: Cont on the machine, the run root node built once, a strict k re-entering with it (enterIn), vs Cont.step at 9d193059b, round 1, arms alternated	27.638	25.391	1.088	us/op 2 forks x 5, jmh-lane quiet; bytes 358096 vs 245904
2026-10-01	05a95cc06	quiet	HandlerBenchmark.contAnswer: Cont on the machine, the run root node built once, a strict k re-entering with it (enterIn), vs Cont.step at 9d193059b, round 2, arms alternated	27.777	25.415	1.093	us/op 2 forks x 5, jmh-lane quiet; bytes 358096 vs 245904
2026-10-01	05a95cc06	quiet	HandlerBenchmark.statePara: Cont on the machine, the run root node built once, a strict k re-entering with it (enterIn), vs Cont.step at 9d193059b, round 1, arms alternated	51.918	30.349	1.711	us/op 2 forks x 5, jmh-lane quiet; bytes 469296 vs 301409
2026-10-01	05a95cc06	quiet	HandlerBenchmark.statePara: Cont on the machine, the run root node built once, a strict k re-entering with it (enterIn), vs Cont.step at 9d193059b, round 2, arms alternated	52.477	31.934	1.643	us/op 2 forks x 5, jmh-lane quiet; bytes 469296 vs 301409
