2026-10-01	8c3d63d65	quiet	FibBenchmark.fib100: Cont's runner on the segmented frame machine (step 2 on the optimized machine) vs Cont.step at master 9d193059b, round 1, arms alternated	7379.697	2283.714	3.231	ns/op 2 forks x 5, jmh-lane quiet; bytes 63624 vs 21552 — step 2 read 4.73 (fib100), 4.27-5.20 (statePara), 2.73 (contAnswer) on the unoptimized machine
2026-10-01	8c3d63d65	quiet	FibBenchmark.fib100: Cont's runner on the segmented frame machine (step 2 on the optimized machine) vs Cont.step at master 9d193059b, round 2, arms alternated	7370.371	2276.239	3.238	ns/op 2 forks x 5, jmh-lane quiet; bytes 63624 vs 21552 — step 2 read 4.73 (fib100), 4.27-5.20 (statePara), 2.73 (contAnswer) on the unoptimized machine
2026-10-01	8c3d63d65	quiet	HandlerBenchmark.contAnswer: Cont's runner on the segmented frame machine (step 2 on the optimized machine) vs Cont.step at master 9d193059b, round 1, arms alternated	27.564	25.468	1.082	us/op 2 forks x 5, jmh-lane quiet; bytes 358136 vs 245904 — step 2 read 4.73 (fib100), 4.27-5.20 (statePara), 2.73 (contAnswer) on the unoptimized machine
2026-10-01	8c3d63d65	quiet	HandlerBenchmark.contAnswer: Cont's runner on the segmented frame machine (step 2 on the optimized machine) vs Cont.step at master 9d193059b, round 2, arms alternated	27.459	25.508	1.076	us/op 2 forks x 5, jmh-lane quiet; bytes 358136 vs 245904 — step 2 read 4.73 (fib100), 4.27-5.20 (statePara), 2.73 (contAnswer) on the unoptimized machine
2026-10-01	8c3d63d65	quiet	HandlerBenchmark.statePara: Cont's runner on the segmented frame machine (step 2 on the optimized machine) vs Cont.step at master 9d193059b, round 1, arms alternated	86.266	31.903	2.704	us/op 2 forks x 5, jmh-lane quiet; bytes 693617 vs 301409 — step 2 read 4.73 (fib100), 4.27-5.20 (statePara), 2.73 (contAnswer) on the unoptimized machine
2026-10-01	8c3d63d65	quiet	HandlerBenchmark.statePara: Cont's runner on the segmented frame machine (step 2 on the optimized machine) vs Cont.step at master 9d193059b, round 2, arms alternated	86.343	30.733	2.809	us/op 2 forks x 5, jmh-lane quiet; bytes 693617 vs 301409 — step 2 read 4.73 (fib100), 4.27-5.20 (statePara), 2.73 (contAnswer) on the unoptimized machine
2026-10-01	2ce20409b	quiet	FibBenchmark.fib100: probe with the strict k's room in the run's Root (no withRoom, gauge once, Resume re-entry) vs Cont.step at master 9d193059b, round 1, arms alternated	7921.074	2277.173	3.478	ns/op 2 forks x 5, jmh-lane quiet; bytes 47544 vs 21552
2026-10-01	2ce20409b	quiet	FibBenchmark.fib100: probe with the strict k's room in the run's Root (no withRoom, gauge once, Resume re-entry) vs Cont.step at master 9d193059b, round 2, arms alternated	7989.670	2281.045	3.503	ns/op 2 forks x 5, jmh-lane quiet; bytes 47544 vs 21552
2026-10-01	2ce20409b	quiet	HandlerBenchmark.contAnswer: probe with the strict k's room in the run's Root (no withRoom, gauge once, Resume re-entry) vs Cont.step at master 9d193059b, round 1, arms alternated	27.527	25.411	1.083	us/op 2 forks x 5, jmh-lane quiet; bytes 358136 vs 245904
2026-10-01	2ce20409b	quiet	HandlerBenchmark.contAnswer: probe with the strict k's room in the run's Root (no withRoom, gauge once, Resume re-entry) vs Cont.step at master 9d193059b, round 2, arms alternated	27.319	25.410	1.075	us/op 2 forks x 5, jmh-lane quiet; bytes 358136 vs 245904
2026-10-01	2ce20409b	quiet	HandlerBenchmark.statePara: probe with the strict k's room in the run's Root (no withRoom, gauge once, Resume re-entry) vs Cont.step at master 9d193059b, round 1, arms alternated	60.692	31.348	1.936	us/op 2 forks x 5, jmh-lane quiet; bytes 545344 vs 301408
2026-10-01	2ce20409b	quiet	HandlerBenchmark.statePara: probe with the strict k's room in the run's Root (no withRoom, gauge once, Resume re-entry) vs Cont.step at master 9d193059b, round 2, arms alternated	61.343	31.287	1.961	us/op 2 forks x 5, jmh-lane quiet; bytes 545344 vs 301409
2026-10-01	ba040e07e	quiet	FibBenchmark.fib100: probe + Frames.runUnder (a run starts with its root as the first stack) vs Cont.step at master 9d193059b, round 1, arms alternated	6203.671	2269.161	2.734	ns/op 2 forks x 5, jmh-lane quiet; bytes 47496 vs 21552
2026-10-01	ba040e07e	quiet	FibBenchmark.fib100: probe + Frames.runUnder (a run starts with its root as the first stack) vs Cont.step at master 9d193059b, round 2, arms alternated	6234.123	2271.093	2.745	ns/op 2 forks x 5, jmh-lane quiet; bytes 47496 vs 21552
2026-10-01	ba040e07e	quiet	HandlerBenchmark.contAnswer: probe + Frames.runUnder (a run starts with its root as the first stack) vs Cont.step at master 9d193059b, round 1, arms alternated	27.721	25.463	1.089	us/op 2 forks x 5, jmh-lane quiet; bytes 358088 vs 245904
2026-10-01	ba040e07e	quiet	HandlerBenchmark.contAnswer: probe + Frames.runUnder (a run starts with its root as the first stack) vs Cont.step at master 9d193059b, round 2, arms alternated	27.490	25.421	1.081	us/op 2 forks x 5, jmh-lane quiet; bytes 358088 vs 245904
2026-10-01	ba040e07e	quiet	HandlerBenchmark.statePara: probe + Frames.runUnder (a run starts with its root as the first stack) vs Cont.step at master 9d193059b, round 1, arms alternated	61.886	30.747	2.013	us/op 2 forks x 5, jmh-lane quiet; bytes 545296 vs 301409
2026-10-01	ba040e07e	quiet	HandlerBenchmark.statePara: probe + Frames.runUnder (a run starts with its root as the first stack) vs Cont.step at master 9d193059b, round 2, arms alternated	62.171	31.331	1.984	us/op 2 forks x 5, jmh-lane quiet; bytes 545296 vs 301409
