2026-10-01	af5da9474	-	DelimBenchmark.delimDollarOnly round1	24.4	19.6	1.25	cont-cat v2 (Cat taken apart in place) vs master; bytes 244032 vs 236000
2026-10-01	af5da9474	-	DelimBenchmark.delimDollarOnly round2	24.4	19.4	1.26	cont-cat v2 (Cat taken apart in place) vs master; bytes 244032 vs 236000
2026-10-01	af5da9474	-	DelimBenchmark.delimDollarResume round1	40.4	35.4	1.14	cont-cat v2 (Cat taken apart in place) vs master; bytes 436037 vs 404003
2026-10-01	af5da9474	-	DelimBenchmark.delimDollarResume round2	40.7	35.3	1.15	cont-cat v2 (Cat taken apart in place) vs master; bytes 436037 vs 404003
2026-10-01	af5da9474	-	DelimBenchmark.delimGenerator round1	62.6	44.4	1.41	cont-cat v2 (Cat taken apart in place) vs master; bytes 662204 vs 438229
2026-10-01	af5da9474	-	DelimBenchmark.delimGenerator round2	62.6	43.5	1.44	cont-cat v2 (Cat taken apart in place) vs master; bytes 662204 vs 438228
2026-10-01	af5da9474	-	DelimBenchmark.delimPushOnly round1	23.4	18.3	1.28	cont-cat v2 (Cat taken apart in place) vs master; bytes 230064 vs 222032
2026-10-01	af5da9474	-	DelimBenchmark.delimPushOnly round2	23.5	18.4	1.28	cont-cat v2 (Cat taken apart in place) vs master; bytes 230064 vs 222032
2026-10-01	af5da9474	-	DelimBenchmark.layeredViaDollar round1	54.2	43.3	1.25	cont-cat v2 (Cat taken apart in place) vs master; bytes 410297 vs 394198
2026-10-01	af5da9474	-	DelimBenchmark.layeredViaDollar round2	54.2	43.4	1.25	cont-cat v2 (Cat taken apart in place) vs master; bytes 410297 vs 394198
2026-10-01	af5da9474	-	DelimBenchmark.stateDeep round1	115.3	91.5	1.26	cont-cat v2 (Cat taken apart in place) vs master; bytes 1312523 vs 928440
2026-10-01	af5da9474	-	DelimBenchmark.stateDeep round2	114.8	91.4	1.26	cont-cat v2 (Cat taken apart in place) vs master; bytes 1312524 vs 928440
2026-10-01	af5da9474	-	DelimBenchmark.stateLexDeep round1	94.6	77.7	1.22	cont-cat v2 (Cat taken apart in place) vs master; bytes 1182734 vs 798653
2026-10-01	af5da9474	-	DelimBenchmark.stateLexDeep round2	94.4	77.6	1.22	cont-cat v2 (Cat taken apart in place) vs master; bytes 1182734 vs 798653
2026-10-01	af5da9474	-	DelimBenchmark.writerTellUnderDelim round1	30.2	28.4	1.06	cont-cat v2 (Cat taken apart in place) vs master; bytes 294210 vs 270193
2026-10-01	af5da9474	-	DelimBenchmark.writerTellUnderDelim round2	30.0	28.9	1.04	cont-cat v2 (Cat taken apart in place) vs master; bytes 294209 vs 270193
2026-10-01	af5da9474	-	FibBenchmark.fib100 round1	8104.2	5668.6	1.43	cont-cat v2 (Cat taken apart in place) vs master; bytes 60560 vs 39440
2026-10-01	af5da9474	-	FibBenchmark.fib100 round2	8097.1	5689.2	1.42	cont-cat v2 (Cat taken apart in place) vs master; bytes 60560 vs 39440
2026-10-01	af5da9474	-	HandlerBenchmark.contAnswer round1	50.1	30.9	1.62	cont-cat v2 (Cat taken apart in place) vs master; bytes 517976 vs 326096
2026-10-01	af5da9474	-	HandlerBenchmark.contAnswer round2	50.5	31.3	1.61	cont-cat v2 (Cat taken apart in place) vs master; bytes 517976 vs 326096
2026-10-01	af5da9474	-	HandlerBenchmark.statePara round1	83.9	51.3	1.64	cont-cat v2 (Cat taken apart in place) vs master; bytes 773401 vs 437280
2026-10-01	af5da9474	-	HandlerBenchmark.statePara round2	83.8	51.3	1.63	cont-cat v2 (Cat taken apart in place) vs master; bytes 773401 vs 437280
2026-10-01	af5da9474	-	KontBenchmark.kontResetOnly round1	22.3	18.2	1.23	cont-cat v2 (Cat taken apart in place) vs master; bytes 229984 vs 221984
2026-10-01	af5da9474	-	KontBenchmark.kontResetOnly round2	22.3	18.1	1.24	cont-cat v2 (Cat taken apart in place) vs master; bytes 229984 vs 221984
2026-10-01	af5da9474	-	KontBenchmark.rightNestedMachine round1	4.7	4.7	1.00	cont-cat v2 (Cat taken apart in place) vs master; bytes 77984 vs 77984
2026-10-01	af5da9474	-	KontBenchmark.rightNestedMachine round2	4.7	4.7	1.00	cont-cat v2 (Cat taken apart in place) vs master; bytes 77984 vs 77984
