2026-09-27	625316caa	4-23	scheduler-default-decision: AdversarialBenchmark.forkJoin10k_okay work=100 (outside) adaptive vs loom	1838	3188	0.58	us/op; mean of 2 alternating rounds -f 2 (loom 3279/3098, adaptive 1773/1903); arms by -Dokay.scheduler
2026-09-27	625316caa	4-23	scheduler-default-decision: AdversarialBenchmark.forkJoin10k_okay work=10000 (outside) adaptive vs loom	3048	3310	0.92	us/op; 2 rounds (loom 3214/3405, adaptive 3020/3075)
2026-09-27	625316caa	4-23	scheduler-default-decision: AdversarialBenchmark.forkJoin10k_okayInside work=100 adaptive vs loom	2868	3305	0.87	us/op; 2 rounds (loom 3249/3360, adaptive 2948/2788); adaptive arm flagged by jmh-lane's end quiet check every attempt (load 18-23, no other sbt: its own threads), error 5-25%
2026-09-27	625316caa	4-23	scheduler-default-decision: AdversarialBenchmark.forkJoin10k_okayInside work=10000 adaptive vs loom	3262	3524	0.93	us/op; 2 rounds (loom 3258/3790, adaptive 3231/3292); same flag
2026-09-27	625316caa	4-23	scheduler-default-decision: AdversarialBenchmark.cancel1k_okay adaptive vs loom	685	1018	0.67	us/op; 2 rounds (loom 1010/1025, adaptive 670/699)
2026-09-27	625316caa	4-23	scheduler-default-decision: DirectParallelBenchmark.parallel8 adaptive vs loom	6.76	10.28	0.66	us/op; 2 rounds (loom 10.33/10.23, adaptive 6.71/6.81)
2026-09-27	625316caa	4-23	scheduler-default-decision: AsyncBenchmark.okaySpawn (§4, 100 outside) adaptive vs loom	12.58	20.4	0.62	us/op; ONE round (differs by >10%)
2026-09-27	625316caa	4-23	scheduler-default-decision: AsyncBenchmark.okaySpawnInside (§4, 100 inside) adaptive vs loom	14.39	29.63	0.49	us/op; ONE round (differs by >10%)
2026-09-27	625316caa	4-23	scheduler-default-decision: wroclaw OkayBench okay 8 fibres (merge) adaptive vs loom	480	108.5	4.42	ms wall, best of 5 per JVM, 2 alternating rounds (loom 106/111, adaptive 355/605); runMain forked, -Dokay.scheduler; adaptive 3.3-5.5x SLOWER on the headline row
2026-09-27	625316caa	4-23	scheduler-default-decision: five-way spawnJoin ops=1000 okayAdaptive vs okay(default)	12979	491.8	26.39	ops/s HIGHER better; 2 rounds (loom 485/498, adaptive 12917/13041); his settings -f 3
2026-09-27	625316caa	4-23	scheduler-default-decision: five-way workers work=0 okayAdaptive vs okay(default)	4046	3975	1.02	ops/s; 2 rounds (loom 3959/3990, adaptive 3781/4312)
2026-09-27	625316caa	4-23	scheduler-default-decision: five-way workers work=64 okayAdaptive vs okay(default)	3307	3423	0.97	ops/s; 2 rounds (loom 3408/3438, adaptive 3169/3445)
2026-09-27	625316caa	4-23	scheduler-default-decision: five-way TCP blocking 64 lanes 1 ms okayAdaptive vs okay(default)	58.3	130.0	0.45	ops/s; 2 rounds (loom 128.0/131.9, adaptive 58.2/58.4): 64 blocked fibers over n + overflow = 28 threads; batch 7.7 vs 17.2 ms; no latency histogram in the harness
2026-09-27	625316caa	4-23	scheduler-default-decision: five-way TCP callback 64 lanes 1 ms okayAdaptive vs okay(default)	157.6	130.2	1.21	ops/s; 2 rounds (loom 131.8/128.6, adaptive 157.9/157.4)
2026-09-27	625316caa	4-23	scheduler-default-decision: five-way runtime entry okayAdaptive vs okay(default)	142598	149728	0.95	ops/s; 2 rounds (loom 151429/148027, adaptive 138768/146429)
