2026-09-28	9ec45ca40	jmh-lane-quiet	scheduler-default-rerun: AdversarialBenchmark.forkJoin10k_okay work=100 shape=4x4 (outside) adaptive vs loom	2078	3216	0.65	us/op; 2 alternating rounds -f 2 (loom 3257/3175, adaptive r1 median of 5 noisy attempts 2135 [2485/2135/1894/1975/2416], r2 2019); arms by -Dokay.scheduler
2026-09-28	9ec45ca40	jmh-lane-quiet	scheduler-default-rerun: AdversarialBenchmark.forkJoin10k_okayInside work=100 shape=4x4 adaptive vs loom	3294	3358	0.98	us/op; 3 rounds, third because r1/r2 disagreed in sign (loom 3515/3358/3355, adaptive 3294/3546/2797); medians; within noise
2026-09-28	9ec45ca40	jmh-lane-quiet	scheduler-default-rerun: AdversarialBenchmark.cancel1k_okay adaptive vs loom	702	1028	0.68	us/op; 2 rounds (loom 1023/1033, adaptive 697/706)
2026-09-28	9ec45ca40	jmh-lane-quiet	scheduler-default-rerun: DirectParallelBenchmark.parallel8 adaptive vs loom	6.87	10.18	0.67	us/op; 2 rounds (loom 10.08/10.27, adaptive 6.86/6.89)
2026-09-28	9ec45ca40	jmh-lane-quiet	scheduler-default-rerun: AsyncBenchmark.okaySpawn (§4, 100 outside) adaptive vs loom	18.83	19.39	0.97	us/op; ONE round (loom 19.39+-0.15, adaptive 18.83+-1.08); within noise (was 0.62 on 625316caa)
2026-09-28	9ec45ca40	jmh-lane-quiet	scheduler-default-rerun: AsyncBenchmark.okaySpawnInside (§4, 100 inside) adaptive vs loom	16.24	31.77	0.51	us/op; ONE round; adaptive kept attempt 16.24 (two earlier 15.2/15.3 discarded at >10% error)
2026-09-28	9ec45ca40	jmh-lane-quiet	scheduler-default-rerun: wroclaw OkayBench okay 8 fibres (merge) adaptive vs loom	112.5	112	1.00	ms wall, best of 5 per JVM, 2 alternating rounds (loom 114/110, adaptive 113/112); runMain forked, -Dokay.scheduler; was 4.42 on 625316caa
2026-09-28	9ec45ca40	jmh-lane-quiet	scheduler-default-rerun: five-way TCP blocking 64 lanes 1 ms okayAdaptive vs okay(default)	155.1	116.9	1.33	ops/s HIGHER better (ratio 1.33x); 2 rounds his settings -f 3 (loom 117.3/116.4, adaptive 155.2/155.0); was 0.45 on 625316caa
2026-09-28	9ec45ca40	jmh-lane-quiet	scheduler-default-rerun: five-way TCP callback 64 lanes 1 ms okayAdaptive vs okay(default)	150.7	117.1	1.29	ops/s; 2 rounds (loom 117.6/116.6, adaptive 150.4/151.0)
2026-09-28	9ec45ca40	jmh-lane-quiet	scheduler-default-rerun: five-way spawnJoin ops=1000 okayAdaptive vs okay(default)	15680.5	448.8	34.94	ops/s; ONE round (loom 448.8+-52, adaptive 15680+-141)
2026-09-28	9ec45ca40	jmh-lane-quiet	scheduler-default-rerun: five-way workers work=0 okayAdaptive vs okay(default)	4187.6	3959.2	1.06	ops/s; ONE round
2026-09-28	9ec45ca40	jmh-lane-quiet	scheduler-default-rerun: five-way workers work=64 okayAdaptive vs okay(default)	3376.3	3405.9	0.99	ops/s; ONE round; within noise (errors 154/57)
2026-09-28	9ec45ca40	jmh-lane-quiet	scheduler-default-rerun: five-way runtime entry okayAdaptive vs okay(default)	143790	155365	0.93	ops/s; ONE round; adaptive +-16861 (12%), loom +-7601; 0.93 ops/s, within adaptive's error (was 0.95 on 625316caa)
