2026-10-01	fe309f5e7	-	DelimBenchmark.delimDollarOnly round1	23.2	19.8	1.17	cont-core-design minimal core (lambda-dollar, steps 1-11, every optimization removed) vs master 4759dbff7: 1.0-1.9x, the record the removed optimizations return against
2026-10-01	fe309f5e7	-	DelimBenchmark.delimDollarOnly round2	23.2	19.7	1.18	cont-core-design minimal core (lambda-dollar, steps 1-11, every optimization removed) vs master 4759dbff7: 1.0-1.9x, the record the removed optimizations return against
2026-10-01	fe309f5e7	-	DelimBenchmark.delimDollarResume round1	48.3	35.2	1.37	cont-core-design minimal core (lambda-dollar, steps 1-11, every optimization removed) vs master 4759dbff7: 1.0-1.9x, the record the removed optimizations return against
2026-10-01	fe309f5e7	-	DelimBenchmark.delimDollarResume round2	49.5	35.5	1.40	cont-core-design minimal core (lambda-dollar, steps 1-11, every optimization removed) vs master 4759dbff7: 1.0-1.9x, the record the removed optimizations return against
2026-10-01	fe309f5e7	-	DelimBenchmark.delimGenerator round1	80.1	44.3	1.81	cont-core-design minimal core (lambda-dollar, steps 1-11, every optimization removed) vs master 4759dbff7: 1.0-1.9x, the record the removed optimizations return against
2026-10-01	fe309f5e7	-	DelimBenchmark.delimGenerator round2	80.1	43.3	1.85	cont-core-design minimal core (lambda-dollar, steps 1-11, every optimization removed) vs master 4759dbff7: 1.0-1.9x, the record the removed optimizations return against
2026-10-01	fe309f5e7	-	DelimBenchmark.delimPushOnly round1	22.2	18.4	1.20	cont-core-design minimal core (lambda-dollar, steps 1-11, every optimization removed) vs master 4759dbff7: 1.0-1.9x, the record the removed optimizations return against
2026-10-01	fe309f5e7	-	DelimBenchmark.delimPushOnly round2	22.6	18.3	1.23	cont-core-design minimal core (lambda-dollar, steps 1-11, every optimization removed) vs master 4759dbff7: 1.0-1.9x, the record the removed optimizations return against
2026-10-01	fe309f5e7	-	DelimBenchmark.layeredViaDollar round1	67.4	43.3	1.56	cont-core-design minimal core (lambda-dollar, steps 1-11, every optimization removed) vs master 4759dbff7: 1.0-1.9x, the record the removed optimizations return against
2026-10-01	fe309f5e7	-	DelimBenchmark.layeredViaDollar round2	67.3	43.1	1.56	cont-core-design minimal core (lambda-dollar, steps 1-11, every optimization removed) vs master 4759dbff7: 1.0-1.9x, the record the removed optimizations return against
2026-10-01	fe309f5e7	-	DelimBenchmark.stateDeep round1	120.8	91.4	1.32	cont-core-design minimal core (lambda-dollar, steps 1-11, every optimization removed) vs master 4759dbff7: 1.0-1.9x, the record the removed optimizations return against
2026-10-01	fe309f5e7	-	DelimBenchmark.stateDeep round2	121.4	91.6	1.33	cont-core-design minimal core (lambda-dollar, steps 1-11, every optimization removed) vs master 4759dbff7: 1.0-1.9x, the record the removed optimizations return against
2026-10-01	fe309f5e7	-	DelimBenchmark.stateLexDeep round1	109.9	77.4	1.42	cont-core-design minimal core (lambda-dollar, steps 1-11, every optimization removed) vs master 4759dbff7: 1.0-1.9x, the record the removed optimizations return against
2026-10-01	fe309f5e7	-	DelimBenchmark.stateLexDeep round2	109.9	77.7	1.41	cont-core-design minimal core (lambda-dollar, steps 1-11, every optimization removed) vs master 4759dbff7: 1.0-1.9x, the record the removed optimizations return against
2026-10-01	fe309f5e7	-	DelimBenchmark.writerTellUnderDelim round1	30.4	28.2	1.08	cont-core-design minimal core (lambda-dollar, steps 1-11, every optimization removed) vs master 4759dbff7: 1.0-1.9x, the record the removed optimizations return against
2026-10-01	fe309f5e7	-	DelimBenchmark.writerTellUnderDelim round2	31.1	28.6	1.09	cont-core-design minimal core (lambda-dollar, steps 1-11, every optimization removed) vs master 4759dbff7: 1.0-1.9x, the record the removed optimizations return against
2026-10-01	fe309f5e7	-	FibBenchmark.fib100 round1	7913.1	5693.0	1.39	cont-core-design minimal core (lambda-dollar, steps 1-11, every optimization removed) vs master 4759dbff7: 1.0-1.9x, the record the removed optimizations return against
2026-10-01	fe309f5e7	-	FibBenchmark.fib100 round2	7908.4	5686.8	1.39	cont-core-design minimal core (lambda-dollar, steps 1-11, every optimization removed) vs master 4759dbff7: 1.0-1.9x, the record the removed optimizations return against
2026-10-01	fe309f5e7	-	HandlerBenchmark.contAnswer round1	59.4	31.1	1.91	cont-core-design minimal core (lambda-dollar, steps 1-11, every optimization removed) vs master 4759dbff7: 1.0-1.9x, the record the removed optimizations return against
2026-10-01	fe309f5e7	-	HandlerBenchmark.contAnswer round2	58.9	31.2	1.88	cont-core-design minimal core (lambda-dollar, steps 1-11, every optimization removed) vs master 4759dbff7: 1.0-1.9x, the record the removed optimizations return against
2026-10-01	fe309f5e7	-	HandlerBenchmark.statePara round1	85.6	51.3	1.67	cont-core-design minimal core (lambda-dollar, steps 1-11, every optimization removed) vs master 4759dbff7: 1.0-1.9x, the record the removed optimizations return against
2026-10-01	fe309f5e7	-	HandlerBenchmark.statePara round2	82.6	51.3	1.61	cont-core-design minimal core (lambda-dollar, steps 1-11, every optimization removed) vs master 4759dbff7: 1.0-1.9x, the record the removed optimizations return against
2026-10-01	fe309f5e7	-	KontBenchmark.kontResetOnly round1	23.2	18.0	1.28	cont-core-design minimal core (lambda-dollar, steps 1-11, every optimization removed) vs master 4759dbff7: 1.0-1.9x, the record the removed optimizations return against
2026-10-01	fe309f5e7	-	KontBenchmark.kontResetOnly round2	23.1	18.0	1.28	cont-core-design minimal core (lambda-dollar, steps 1-11, every optimization removed) vs master 4759dbff7: 1.0-1.9x, the record the removed optimizations return against
2026-10-01	fe309f5e7	-	KontBenchmark.rightNestedMachine round1	4.7	4.7	1.00	cont-core-design minimal core (lambda-dollar, steps 1-11, every optimization removed) vs master 4759dbff7: 1.0-1.9x, the record the removed optimizations return against
2026-10-01	fe309f5e7	-	KontBenchmark.rightNestedMachine round2	4.7	4.7	1.00	cont-core-design minimal core (lambda-dollar, steps 1-11, every optimization removed) vs master 4759dbff7: 1.0-1.9x, the record the removed optimizations return against
