2026-10-01	82ecd8616	quiet	DelimBenchmark.delimDollarOnly: 1h (plain = ret eq identity, skipped on pop; shift under) vs base 42541ef7e, round 1, arms alternated	22.571	14.341	1.574	us/op 2 forks x 5, jmh-lane quiet; bytes 236032 vs 236064
2026-10-01	82ecd8616	quiet	DelimBenchmark.delimDollarOnly: 1h (plain = ret eq identity, skipped on pop; shift under) vs base 42541ef7e, round 2, arms alternated	22.435	14.313	1.567	us/op 2 forks x 5, jmh-lane quiet; bytes 236032 vs 236064
2026-10-01	82ecd8616	quiet	DelimBenchmark.delimDollarResume: 1h (plain = ret eq identity, skipped on pop; shift under) vs base 42541ef7e, round 1, arms alternated	40.085	32.342	1.239	us/op 2 forks x 5, jmh-lane quiet; bytes 404037 vs 540066
2026-10-01	82ecd8616	quiet	DelimBenchmark.delimDollarResume: 1h (plain = ret eq identity, skipped on pop; shift under) vs base 42541ef7e, round 2, arms alternated	39.931	32.394	1.233	us/op 2 forks x 5, jmh-lane quiet; bytes 404037 vs 540066
2026-10-01	82ecd8616	quiet	DelimBenchmark.delimGenerator: 1h (plain = ret eq identity, skipped on pop; shift under) vs base 42541ef7e, round 1, arms alternated	58.981	63.973	0.922	us/op 2 forks x 5, jmh-lane quiet; bytes 446250 vs 838300
2026-10-01	82ecd8616	quiet	DelimBenchmark.delimGenerator: 1h (plain = ret eq identity, skipped on pop; shift under) vs base 42541ef7e, round 2, arms alternated	59.033	63.769	0.926	us/op 2 forks x 5, jmh-lane quiet; bytes 446250 vs 838300
2026-10-01	82ecd8616	quiet	DelimBenchmark.delimPushOnly: 1h (plain = ret eq identity, skipped on pop; shift under) vs base 42541ef7e, round 1, arms alternated	17.933	13.351	1.343	us/op 2 forks x 5, jmh-lane quiet; bytes 206064 vs 222096
2026-10-01	82ecd8616	quiet	DelimBenchmark.delimPushOnly: 1h (plain = ret eq identity, skipped on pop; shift under) vs base 42541ef7e, round 2, arms alternated	18.021	13.359	1.349	us/op 2 forks x 5, jmh-lane quiet; bytes 206064 vs 222096
2026-10-01	82ecd8616+	quiet	DelimBenchmark.delimDollarOnly: 1h WITHOUT the plain-pop branch (ret always called), round 1; ref = base's mean over its four rounds today	19.467	14.330	1.359	us/op 2 forks x 5, jmh-lane quiet; bytes 236048 — the branch REFUTED: $ 1.57x with it, 1.36x without; plain push 1.34x with, 1.37x without
2026-10-01	82ecd8616+	quiet	DelimBenchmark.delimDollarOnly: 1h WITHOUT the plain-pop branch (ret always called), round 2; ref = base's mean over its four rounds today	19.440	14.330	1.357	us/op 2 forks x 5, jmh-lane quiet; bytes 236048 — the branch REFUTED: $ 1.57x with it, 1.36x without; plain push 1.34x with, 1.37x without
2026-10-01	82ecd8616+	quiet	DelimBenchmark.delimPushOnly: 1h WITHOUT the plain-pop branch (ret always called), round 1; ref = base's mean over its four rounds today	18.518	13.380	1.384	us/op 2 forks x 5, jmh-lane quiet; bytes 222080 — the branch REFUTED: $ 1.57x with it, 1.36x without; plain push 1.34x with, 1.37x without
2026-10-01	82ecd8616+	quiet	DelimBenchmark.delimPushOnly: 1h WITHOUT the plain-pop branch (ret always called), round 2; ref = base's mean over its four rounds today	18.296	13.380	1.367	us/op 2 forks x 5, jmh-lane quiet; bytes 222080 — the branch REFUTED: $ 1.57x with it, 1.36x without; plain push 1.34x with, 1.37x without
2026-10-01	fa7dab83e	quiet	DelimBenchmark.delimDollarResume: 1i (plain derived, ret always called; shift under) vs base 42541ef7e, round 1, arms alternated	35.904	32.362	1.109	us/op 2 forks x 5, jmh-lane quiet; bytes 404052 vs 540066
2026-10-01	fa7dab83e	quiet	DelimBenchmark.delimDollarResume: 1i (plain derived, ret always called; shift under) vs base 42541ef7e, round 2, arms alternated	35.880	32.400	1.107	us/op 2 forks x 5, jmh-lane quiet; bytes 404051 vs 540066
2026-10-01	fa7dab83e	quiet	DelimBenchmark.delimGenerator: 1i (plain derived, ret always called; shift under) vs base 42541ef7e, round 1, arms alternated	45.634	63.426	0.719	us/op 2 forks x 5, jmh-lane quiet; bytes 462278 vs 838300
2026-10-01	fa7dab83e	quiet	DelimBenchmark.delimGenerator: 1i (plain derived, ret always called; shift under) vs base 42541ef7e, round 2, arms alternated	45.842	62.125	0.738	us/op 2 forks x 5, jmh-lane quiet; bytes 462278 vs 838299
2026-10-01	46d39ab18	quiet	DelimBenchmark.delimDollarOnly: 1j (cold arms out of loop: capture, pushed) vs base 42541ef7e, round 1, arms alternated	19.506	14.279	1.366	us/op 2 forks x 5, jmh-lane quiet; bytes 236048 vs 236064 — neutral against 1i on all four: loop's size is not the install/pop gap (kept as a simplification)
2026-10-01	46d39ab18	quiet	DelimBenchmark.delimDollarOnly: 1j (cold arms out of loop: capture, pushed) vs base 42541ef7e, round 2, arms alternated	19.610	14.300	1.371	us/op 2 forks x 5, jmh-lane quiet; bytes 236048 vs 236064 — neutral against 1i on all four: loop's size is not the install/pop gap (kept as a simplification)
2026-10-01	46d39ab18	quiet	DelimBenchmark.delimDollarResume: 1j (cold arms out of loop: capture, pushed) vs base 42541ef7e, round 1, arms alternated	35.774	32.380	1.105	us/op 2 forks x 5, jmh-lane quiet; bytes 404052 vs 540066 — neutral against 1i on all four: loop's size is not the install/pop gap (kept as a simplification)
2026-10-01	46d39ab18	quiet	DelimBenchmark.delimDollarResume: 1j (cold arms out of loop: capture, pushed) vs base 42541ef7e, round 2, arms alternated	35.844	32.314	1.109	us/op 2 forks x 5, jmh-lane quiet; bytes 404052 vs 540066 — neutral against 1i on all four: loop's size is not the install/pop gap (kept as a simplification)
2026-10-01	46d39ab18	quiet	DelimBenchmark.delimGenerator: 1j (cold arms out of loop: capture, pushed) vs base 42541ef7e, round 1, arms alternated	46.484	63.774	0.729	us/op 2 forks x 5, jmh-lane quiet; bytes 462278 vs 838300 — neutral against 1i on all four: loop's size is not the install/pop gap (kept as a simplification)
2026-10-01	46d39ab18	quiet	DelimBenchmark.delimGenerator: 1j (cold arms out of loop: capture, pushed) vs base 42541ef7e, round 2, arms alternated	46.626	63.735	0.732	us/op 2 forks x 5, jmh-lane quiet; bytes 462278 vs 838300 — neutral against 1i on all four: loop's size is not the install/pop gap (kept as a simplification)
2026-10-01	46d39ab18	quiet	DelimBenchmark.delimPushOnly: 1j (cold arms out of loop: capture, pushed) vs base 42541ef7e, round 1, arms alternated	18.287	13.360	1.369	us/op 2 forks x 5, jmh-lane quiet; bytes 222080 vs 222096 — neutral against 1i on all four: loop's size is not the install/pop gap (kept as a simplification)
2026-10-01	46d39ab18	quiet	DelimBenchmark.delimPushOnly: 1j (cold arms out of loop: capture, pushed) vs base 42541ef7e, round 2, arms alternated	18.545	13.364	1.388	us/op 2 forks x 5, jmh-lane quiet; bytes 222080 vs 222096 — neutral against 1i on all four: loop's size is not the install/pop gap (kept as a simplification)
2026-10-01	9d35f8c88	quiet	DelimBenchmark.layeredViaDollar: tip after 1j vs base 42541ef7e, round 1, arms alternated	44.880	51.484	0.872	us/op 2 forks x 5, jmh-lane quiet; bytes 394271 vs 490376
2026-10-01	9d35f8c88	quiet	DelimBenchmark.layeredViaDollar: tip after 1j vs base 42541ef7e, round 2, arms alternated	44.819	52.245	0.858	us/op 2 forks x 5, jmh-lane quiet; bytes 394271 vs 490376
2026-10-01	9d35f8c88	quiet	DelimBenchmark.layeredViaPush: tip after 1j vs base 42541ef7e, round 1, arms alternated	48.961	47.553	1.030	us/op 2 forks x 5, jmh-lane quiet; bytes 410336 vs 554488
2026-10-01	9d35f8c88	quiet	DelimBenchmark.layeredViaPush: tip after 1j vs base 42541ef7e, round 2, arms alternated	49.412	47.727	1.035	us/op 2 forks x 5, jmh-lane quiet; bytes 410336 vs 554488
2026-10-01	9d35f8c88	quiet	DelimBenchmark.stateDeep: tip after 1j vs base 42541ef7e, round 1, arms alternated	101.239	96.197	1.052	us/op 2 forks x 5, jmh-lane quiet; bytes 1024486 vs 1392639
2026-10-01	9d35f8c88	quiet	DelimBenchmark.stateDeep: tip after 1j vs base 42541ef7e, round 2, arms alternated	100.173	96.836	1.034	us/op 2 forks x 5, jmh-lane quiet; bytes 1024487 vs 1392639
2026-10-01	9d35f8c88	quiet	DelimBenchmark.stateLexDeep: tip after 1j vs base 42541ef7e, round 1, arms alternated	88.149	87.925	1.003	us/op 2 forks x 5, jmh-lane quiet; bytes 894697 vs 1358849
2026-10-01	9d35f8c88	quiet	DelimBenchmark.stateLexDeep: tip after 1j vs base 42541ef7e, round 2, arms alternated	87.871	87.943	0.999	us/op 2 forks x 5, jmh-lane quiet; bytes 894697 vs 1358849
2026-10-01	9d35f8c88	quiet	DelimBenchmark.writerTellUnderDelim: tip after 1j vs base 42541ef7e, round 1, arms alternated	32.135	25.730	1.249	us/op 2 forks x 5, jmh-lane quiet; bytes 294242 vs 286256
2026-10-01	9d35f8c88	quiet	DelimBenchmark.writerTellUnderDelim: tip after 1j vs base 42541ef7e, round 2, arms alternated	32.356	25.556	1.266	us/op 2 forks x 5, jmh-lane quiet; bytes 294242 vs 286256
2026-10-01	46a8e20c7	quiet	DelimBenchmark.delimDollarOnly: 1k (hot core + driver, cold arms leave as a Next) vs base 42541ef7e, round 1, arms alternated	19.434	14.314	1.358	us/op 2 forks x 5, jmh-lane quiet; bytes 236048 vs 236064 — REFUTED, reverted: neutral against 1j, +24..48 KB/op (the Next is real now); sp loads in loop 74 -> 60 (single-list 34) did not move time
2026-10-01	46a8e20c7	quiet	DelimBenchmark.delimDollarOnly: 1k (hot core + driver, cold arms leave as a Next) vs base 42541ef7e, round 2, arms alternated	19.512	14.323	1.362	us/op 2 forks x 5, jmh-lane quiet; bytes 236048 vs 236064 — REFUTED, reverted: neutral against 1j, +24..48 KB/op (the Next is real now); sp loads in loop 74 -> 60 (single-list 34) did not move time
2026-10-01	46a8e20c7	quiet	DelimBenchmark.delimDollarResume: 1k (hot core + driver, cold arms leave as a Next) vs base 42541ef7e, round 1, arms alternated	35.377	33.134	1.068	us/op 2 forks x 5, jmh-lane quiet; bytes 452051 vs 540067 — REFUTED, reverted: neutral against 1j, +24..48 KB/op (the Next is real now); sp loads in loop 74 -> 60 (single-list 34) did not move time
2026-10-01	46a8e20c7	quiet	DelimBenchmark.delimDollarResume: 1k (hot core + driver, cold arms leave as a Next) vs base 42541ef7e, round 2, arms alternated	35.294	32.538	1.085	us/op 2 forks x 5, jmh-lane quiet; bytes 452051 vs 540066 — REFUTED, reverted: neutral against 1j, +24..48 KB/op (the Next is real now); sp loads in loop 74 -> 60 (single-list 34) did not move time
2026-10-01	46a8e20c7	quiet	DelimBenchmark.delimGenerator: 1k (hot core + driver, cold arms leave as a Next) vs base 42541ef7e, round 1, arms alternated	46.356	63.737	0.727	us/op 2 forks x 5, jmh-lane quiet; bytes 510278 vs 838300 — REFUTED, reverted: neutral against 1j, +24..48 KB/op (the Next is real now); sp loads in loop 74 -> 60 (single-list 34) did not move time
2026-10-01	46a8e20c7	quiet	DelimBenchmark.delimGenerator: 1k (hot core + driver, cold arms leave as a Next) vs base 42541ef7e, round 2, arms alternated	46.415	63.764	0.728	us/op 2 forks x 5, jmh-lane quiet; bytes 510278 vs 838300 — REFUTED, reverted: neutral against 1j, +24..48 KB/op (the Next is real now); sp loads in loop 74 -> 60 (single-list 34) did not move time
2026-10-01	46a8e20c7	quiet	DelimBenchmark.delimPushOnly: 1k (hot core + driver, cold arms leave as a Next) vs base 42541ef7e, round 1, arms alternated	18.309	13.406	1.366	us/op 2 forks x 5, jmh-lane quiet; bytes 222080 vs 222096 — REFUTED, reverted: neutral against 1j, +24..48 KB/op (the Next is real now); sp loads in loop 74 -> 60 (single-list 34) did not move time
2026-10-01	46a8e20c7	quiet	DelimBenchmark.delimPushOnly: 1k (hot core + driver, cold arms leave as a Next) vs base 42541ef7e, round 2, arms alternated	18.135	13.339	1.360	us/op 2 forks x 5, jmh-lane quiet; bytes 222080 vs 222096 — REFUTED, reverted: neutral against 1j, +24..48 KB/op (the Next is real now); sp loads in loop 74 -> 60 (single-list 34) did not move time
2026-10-01	46a8e20c7	quiet	DelimBenchmark.writerTellUnderDelim: 1k (hot core + driver, cold arms leave as a Next) vs base 42541ef7e, round 1, arms alternated	31.817	25.412	1.252	us/op 2 forks x 5, jmh-lane quiet; bytes 318242 vs 286256 — REFUTED, reverted: neutral against 1j, +24..48 KB/op (the Next is real now); sp loads in loop 74 -> 60 (single-list 34) did not move time
2026-10-01	46a8e20c7	quiet	DelimBenchmark.writerTellUnderDelim: 1k (hot core + driver, cold arms leave as a Next) vs base 42541ef7e, round 2, arms alternated	31.782	25.923	1.226	us/op 2 forks x 5, jmh-lane quiet; bytes 318242 vs 286256 — REFUTED, reverted: neutral against 1j, +24..48 KB/op (the Next is real now); sp loads in loop 74 -> 60 (single-list 34) did not move time
