2026-10-01	34d20bb51	-	DelimBenchmark.delimDollarResume round1	39.6	35.2	1.13	nearest at a Cat head, nearest a method (C2 refused to inline it at one arm) vs master; bytes 388037 vs 404003
2026-10-01	34d20bb51	-	DelimBenchmark.delimDollarResume round2	40.8	35.2	1.16	nearest at a Cat head, nearest a method (C2 refused to inline it at one arm) vs master; bytes 388037 vs 404003
2026-10-01	34d20bb51	-	DelimBenchmark.delimGenerator round1	65.8	43.2	1.52	nearest at a Cat head, nearest a method (C2 refused to inline it at one arm) vs master; bytes 518276 vs 438228
2026-10-01	34d20bb51	-	DelimBenchmark.delimGenerator round2	68.6	43.6	1.57	nearest at a Cat head, nearest a method (C2 refused to inline it at one arm) vs master; bytes 518277 vs 438228
2026-10-01	34d20bb51	-	DelimBenchmark.layeredViaDollar round1	50.7	43.5	1.16	nearest at a Cat head, nearest a method (C2 refused to inline it at one arm) vs master; bytes 410224 vs 394198
2026-10-01	34d20bb51	-	DelimBenchmark.layeredViaDollar round2	50.7	43.3	1.17	nearest at a Cat head, nearest a method (C2 refused to inline it at one arm) vs master; bytes 410224 vs 394198
2026-10-01	34d20bb51	-	DelimBenchmark.stateDeep round1	100.9	96.1	1.05	nearest at a Cat head, nearest a method (C2 refused to inline it at one arm) vs master; bytes 1024502 vs 928439
2026-10-01	34d20bb51	-	DelimBenchmark.stateDeep round2	100.9	99.2	1.02	nearest at a Cat head, nearest a method (C2 refused to inline it at one arm) vs master; bytes 1024502 vs 928439
2026-10-01	34d20bb51	-	DelimBenchmark.stateLexDeep round1	113.2	79.0	1.43	nearest at a Cat head, nearest a method (C2 refused to inline it at one arm) vs master; bytes 894703 vs 798652
2026-10-01	34d20bb51	-	DelimBenchmark.stateLexDeep round2	112.3	80.2	1.40	nearest at a Cat head, nearest a method (C2 refused to inline it at one arm) vs master; bytes 894703 vs 798652
2026-10-01	34d20bb51	-	FibBenchmark.fib100 round1	5870.7	5674.3	1.03	nearest at a Cat head, nearest a method (C2 refused to inline it at one arm) vs master; bytes 42728 vs 39440
2026-10-01	34d20bb51	-	FibBenchmark.fib100 round2	5849.7	5691.5	1.03	nearest at a Cat head, nearest a method (C2 refused to inline it at one arm) vs master; bytes 42728 vs 39440
2026-10-01	34d20bb51	-	HandlerBenchmark.contAnswer round1	46.8	31.3	1.50	nearest at a Cat head, nearest a method (C2 refused to inline it at one arm) vs master; bytes 374096 vs 326096
2026-10-01	34d20bb51	-	HandlerBenchmark.contAnswer round2	46.7	30.7	1.52	nearest at a Cat head, nearest a method (C2 refused to inline it at one arm) vs master; bytes 374096 vs 326096
2026-10-01	34d20bb51	-	HandlerBenchmark.statePara round1	55.6	51.3	1.08	nearest at a Cat head, nearest a method (C2 refused to inline it at one arm) vs master; bytes 501312 vs 437280
2026-10-01	34d20bb51	-	HandlerBenchmark.statePara round2	55.5	51.3	1.08	nearest at a Cat head, nearest a method (C2 refused to inline it at one arm) vs master; bytes 501312 vs 437280
