2026-10-01	d17e34525	-	DelimBenchmark.delimDollarResume round1	34.8	33.9	1.03	cont-machine-resume vs master: one resume, no throwaway Cat; bytes 412035 vs 412035
2026-10-01	d17e34525	-	DelimBenchmark.delimDollarResume round2	34.9	34.3	1.02	cont-machine-resume vs master: one resume, no throwaway Cat; bytes 412035 vs 412035
2026-10-01	d17e34525	-	DelimBenchmark.delimGenerator round1	52.8	52.6	1.00	cont-machine-resume vs master: one resume, no throwaway Cat; bytes 542249 vs 542249
2026-10-01	d17e34525	-	DelimBenchmark.delimGenerator round2	52.9	53.2	1.00	cont-machine-resume vs master: one resume, no throwaway Cat; bytes 542249 vs 542250
2026-10-01	d17e34525	-	DelimBenchmark.layeredViaDollar round1	52.0	51.0	1.02	cont-machine-resume vs master: one resume, no throwaway Cat; bytes 410224 vs 410224
2026-10-01	d17e34525	-	DelimBenchmark.layeredViaDollar round2	52.0	50.6	1.03	cont-machine-resume vs master: one resume, no throwaway Cat; bytes 410224 vs 410224
2026-10-01	d17e34525	-	DelimBenchmark.stateDeep round1	90.0	93.7	0.96	cont-machine-resume vs master: one resume, no throwaway Cat; bytes 1024504 vs 1072504
2026-10-01	d17e34525	-	DelimBenchmark.stateDeep round2	90.5	93.4	0.97	cont-machine-resume vs master: one resume, no throwaway Cat; bytes 1024504 vs 1072504
2026-10-01	d17e34525	-	HandlerBenchmark.contAnswer round1	37.7	37.5	1.00	cont-machine-resume vs master: one resume, no throwaway Cat; bytes 374096 vs 398072
2026-10-01	d17e34525	-	HandlerBenchmark.contAnswer round2	38.2	37.7	1.01	cont-machine-resume vs master: one resume, no throwaway Cat; bytes 374096 vs 398072
2026-10-01	d17e34525	-	HandlerBenchmark.statePara round1	63.3	61.3	1.03	cont-machine-resume vs master: one resume, no throwaway Cat; bytes 549336 vs 549336
2026-10-01	d17e34525	-	HandlerBenchmark.statePara round2	61.4	59.2	1.04	cont-machine-resume vs master: one resume, no throwaway Cat; bytes 549336 vs 549336
